completed,dropped,mean_score,gender
2,887,60,7.36,Male
5,594,12,5.42,Male
6,433,0,5.36,Female
7,227,9,7.96,Female
8,430,11,7.68,Non-Binary
9,700,86,5.48,Male
10,531,0,6.79,Male
11,134,14,6.13,Female
13,227,27,7.51,Male
14,243,81,6.17,Male
15,803,0,7.8,Male
16,475,9,6.94,Female
17,118,16,7.5,Male
18,358,5,8.07,Male
19,223,4,7.67,Male
21,849,0,6.3,Male
22,139,23,7.0,Male
23,239,0,7.74,Female
24,104,14,7.49,Female
25,181,7,7.81,Male
26,77,0,7.83,Male
27,227,6,7.15,Male
29,103,13,5.87,Male
31,15,2,7.41,Male
32,140,0,7.79,Male
33,62,7,6.63,Female
34,274,36,6.95,Male
37,414,25,8.43,Male
39,658,3,7.51,Male
40,449,59,7.74,Male
41,223,0,7.18,Male
42,259,6,7.68,Male
43,409,10,5.27,Male
45,367,10,6.56,Male
47,443,18,5.08,Male
50,219,0,8.18,Female
51,173,0,7.26,Male
52,234,19,7.19,Male
53,696,80,6.49,Male
54,220,16,8.51,Female
55,53,0,9.12,Male
56,715,1,7.57,Male
57,360,134,7.01,Male
58,233,5,7.78,Male
59,264,5,7.35,Male
60,107,15,6.13,Male
61,187,10,7.44,Female
62,257,16,7.51,Female
63,484,2,7.26,Male
64,307,40,6.1,Male
65,225,1,7.94,Male
67,263,23,7.59,Male
68,322,5,8.48,Male
71,489,15,6.74,Female
72,98,11,7.18,Male
73,711,22,7.34,Female
74,416,39,5.03,Male
75,206,8,8.37,Male
76,116,2,8.04,Male
78,815,0,6.12,Female
79,220,5,9.36,Female
80,279,13,6.27,Male
81,314,0,7.33,Male
83,137,43,8.32,Male
84,170,29,6.49,Male
86,269,17,7.85,Female
88,139,68,6.37,Male
90,613,91,6.12,Male
91,454,28,6.54,Male
92,251,4,7.16,Male
95,353,18,7.14,Male
96,238,1,6.43,Male
97,144,2,9.47,Male
99,99,1,8.72,Male
100,191,1,6.82,Male
102,458,4,7.76,Male
104,225,134,6.77,Male
106,346,40,5.97,Male
108,676,47,6.27,Male
110,92,13,8.05,Female
112,320,3,7.3,Female
113,221,5,6.83,Female
114,266,0,7.71,Female
116,365,8,7.3,Female
118,719,26,8.38,Male
119,314,6,7.0,Female
120,383,86,5.99,Male
121,56,20,7.88,Female
122,53,0,8.1,Female
124,263,48,7.55,Female
125,299,31,7.22,Male
126,217,5,6.62,Female
128,231,0,7.89,Male
129,650,103,6.09,Male
130,237,0,7.8,Male
131,503,6,6.96,Male
133,325,2,8.42,Male
134,168,16,8.68,Male
136,185,26,7.73,Male
137,233,2,7.14,Male
138,225,0,7.2,Female
140,105,4,7.1,Male
141,471,0,8.51,Male
146,177,1,7.62,Female
147,599,0,5.16,Male
150,416,25,6.96,Male
151,120,0,6.85,Female
152,104,2,7.7,Male
153,98,5,7.24,Male
155,444,16,7.16,Male
158,84,1,7.06,Male
159,108,1,7.78,Male
161,381,26,7.12,Female
162,740,108,6.88,Male
164,56,6,7.48,Female
165,349,29,7.06,Male
166,369,71,7.2,Male
167,372,151,5.79,Male
168,412,0,6.66,Male
169,919,3,6.3,Male
170,111,12,6.44,Male
171,732,0,6.19,Female
172,376,42,6.69,Male
174,276,31,7.0,Male
175,235,29,8.32,Male
177,991,20,7.25,Male
179,180,0,8.52,Male
180,153,17,6.52,Female
182,294,36,6.99,Male
183,257,0,6.56,Male
184,656,135,6.62,Male
187,245,110,8.26,Male
188,577,20,7.11,Female
189,268,11,5.89,Female
190,77,1,7.44,Female
191,196,20,7.3,Male
193,230,1,9.15,Female
194,262,6,7.99,Female
195,454,37,5.16,Male
197,246,0,8.6,Female
198,56,10,7.0,Female
199,100,0,7.46,Male
200,51,19,6.46,Male
202,252,0,8.4,Female
203,222,14,6.91,Male
204,150,2,7.91,Non-Binary
205,686,0,6.83,Male
207,612,13,8.39,Female
208,536,259,6.67,Male
209,241,53,7.55,Female
210,397,123,7.66,Male
213,256,2,6.48,Male
215,104,17,5.94,Male
218,83,4,7.58,Male
219,157,13,7.75,Female
220,405,21,7.82,Male
221,135,9,6.91,Female
223,94,21,5.77,Male
225,144,0,7.64,Female
227,851,50,5.57,Male
230,436,15,7.07,Female
231,254,1,7.99,Female
232,169,0,6.62,Female
233,444,23,7.0,Female
234,306,10,7.2,Male
235,514,37,8.2,Female
236,167,81,6.24,Male
237,119,2,7.55,Male
238,379,29,7.65,Male
239,306,0,7.76,Male
240,102,0,8.79,Female
241,258,24,6.39,Male
242,169,8,8.02,Female
243,81,0,8.05,Male
244,65,32,7.28,Male
245,407,12,6.86,Male
246,277,107,6.44,Male
247,173,14,8.36,Male
249,483,96,5.77,Female
250,165,18,6.93,Male
251,267,48,5.6,Non-Binary
252,54,0,8.41,Female
254,56,2,7.62,Male
255,130,10,8.15,Female
256,397,7,7.64,Male
257,201,1,8.28,Male
258,145,2,7.01,Male
259,153,4,6.8,Male
260,208,8,6.4,Male
261,58,1,7.41,Male
262,322,32,7.23,Male
264,76,0,5.81,Male
265,398,3,7.86,Male
266,91,4,8.62,Female
267,450,24,7.88,Male
268,50,9,7.52,Male
270,221,1,7.7,Male
272,141,0,8.55,Male
273,397,34,6.31,Male
274,444,0,7.84,Male
275,329,7,8.53,Female
276,205,6,8.13,Female
277,237,0,7.05,Male
278,116,12,7.37,Male
279,159,33,7.34,Male
280,114,11,8.26,Male
281,141,0,7.48,Male
282,465,2,7.39,Male
283,78,1,8.23,Male
284,838,13,7.16,Female
285,527,0,8.58,Female
286,413,16,7.31,Male
287,112,6,7.82,Male
288,155,22,7.07,Female
289,170,44,5.9,Female
292,246,0,8.05,Female
293,238,1,7.04,Female
294,273,7,7.44,Female
295,281,17,8.26,Male
296,222,63,5.58,Female
297,93,8,6.33,Male
298,55,3,8.6,Female
299,341,42,7.76,Male
300,366,42,5.85,Male
301,137,4,5.16,Male
302,249,22,6.51,Male
303,742,187,5.97,Male
306,713,1,7.12,Male
307,238,0,8.21,Male
308,117,13,5.89,Male
310,215,9,7.73,Female
312,63,5,8.0,Male
314,651,299,6.07,Male
316,184,1,6.96,Male
317,258,3,6.95,Male
319,332,0,7.28,Non-Binary
320,192,0,7.1,Female
321,82,1,7.83,Female
322,362,24,6.33,Male
323,252,11,6.84,Male
324,185,26,6.53,Female
325,394,7,7.27,Male
327,83,0,9.54,Male
328,52,0,7.83,Male
329,53,0,7.58,Male
332,515,6,7.5,Male
333,887,20,6.46,Female
334,340,0,7.74,Male
335,144,17,6.69,Male
337,370,86,6.63,Female
338,106,1,7.73,Female
340,294,60,6.37,Male
341,202,16,7.37,Female
342,174,3,8.24,Male
343,142,10,5.9,Male
344,101,0,8.09,Male
345,150,11,7.88,Male
346,468,14,7.32,Female
347,956,43,7.43,Male
348,457,0,6.52,Male
349,328,9,7.69,Male
352,92,4,8.59,Male
353,723,6,6.73,Male
355,251,2,7.74,Male
356,247,0,8.14,Male
358,452,104,5.83,Male
361,396,1,8.49,Male
362,177,1,8.06,Male
363,70,1,9.09,Female
364,650,23,7.64,Male
365,171,23,7.48,Male
367,221,35,7.13,Female
368,626,0,8.54,Female
369,131,0,8.08,Male
372,475,61,6.09,Male
374,52,0,8.77,Male
375,211,63,6.97,Male
376,275,37,7.0,Male
377,200,7,7.25,Female
380,427,1,6.93,Male
381,147,3,7.88,Male
383,136,13,7.11,Male
384,479,12,6.76,Male
386,140,56,6.38,Male
388,183,2,7.58,Male
389,246,9,7.82,Male
390,142,16,6.44,Female
391,181,12,7.57,Male
392,405,28,5.34,Male
393,502,24,6.45,Male
394,238,15,6.54,Female
395,928,0,9.23,Male
396,79,13,8.08,Male
398,239,17,7.49,Male
399,982,0,6.1,Male
401,36,4,7.27,Male
402,307,27,6.88,Male
403,180,18,7.77,Male
404,93,2,8.13,Male
405,326,26,5.61,Male
409,221,2,8.32,Non-Binary
411,158,4,7.55,Male
412,179,11,6.92,Male
413,319,102,6.28,Male
415,331,22,6.8,Male
418,404,3,6.25,Male
419,375,8,6.91,Female
420,559,25,7.23,Male
421,689,115,5.58,Male
424,183,4,7.71,Male
425,304,8,6.27,Male
426,396,85,5.94,Male
428,288,3,8.19,Female
429,136,11,7.22,Female
430,193,0,7.93,Male
431,998,171,6.11,Female
432,291,11,6.99,Male
433,201,3,8.72,Male
434,141,21,8.85,Male
435,403,38,5.78,Female
436,578,0,8.44,Male
438,162,4,6.84,Male
440,138,1,8.63,Male
441,788,7,7.67,Female
443,981,14,7.58,Female
445,568,13,7.49,Male
446,51,0,7.8,Male
447,510,11,7.76,Male
448,411,54,5.75,Male
451,305,0,7.07,Male
453,875,0,7.48,Male
455,405,0,7.84,Male
456,418,16,7.0,Male
457,198,11,6.57,Male
458,67,15,7.57,Male
459,656,0,6.89,Female
460,526,3,5.83,Female
462,889,57,6.76,Male
463,284,44,8.26,Female
464,133,2,7.39,Male
465,816,0,7.45,Male
467,539,41,6.96,Female
470,485,17,7.79,Male
471,281,4,8.74,Male
474,125,58,6.67,Male
475,346,48,6.63,Male
477,177,3,7.3,Male
481,574,15,6.8,Male
482,196,6,6.55,Female
483,321,0,8.3,Male
484,252,19,8.07,Female
485,208,21,7.59,Female
486,274,54,5.89,Male
488,328,8,6.63,Male
489,466,2,7.52,Female
490,490,0,6.43,Male
491,295,14,6.92,Male
492,596,215,5.85,Male
493,593,2,7.98,Female
494,126,12,6.57,Male
497,158,17,6.44,Male
498,238,15,8.69,Male
500,364,12,6.67,Male
502,193,6,6.71,Male
505,749,0,7.93,Male
507,189,19,8.39,Male
508,274,0,8.35,Male
509,462,0,7.45,Male
511,233,20,7.07,Female
513,65,0,9.28,Male
519,471,19,7.14,Male
520,271,2,7.45,Male
521,211,23,7.58,Female
522,413,147,5.17,Male
523,424,54,5.68,Male
524,149,1,8.57,Male
527,168,3,8.74,Male
528,488,67,5.09,Male
529,600,0,6.64,Female
530,31,10,5.75,Male
532,97,23,7.19,Male
533,387,5,7.11,Male
534,182,41,7.2,Male
535,204,92,8.19,Male
536,816,4,7.46,Male
537,64,1,7.86,Male
538,313,0,8.07,Female
540,170,14,6.96,Male
543,709,8,8.18,Male
544,971,60,6.86,Male
545,198,5,7.78,Female
547,767,0,7.49,Male
548,339,32,6.66,Male
549,192,0,7.42,Female
551,546,97,5.54,Male
552,500,150,5.73,Male
553,94,54,6.47,Male
554,123,4,7.25,Male
555,293,77,6.48,Male
557,302,25,5.51,Male
558,554,33,6.34,Male
560,437,8,7.59,Male
561,531,57,8.0,Female
562,762,43,7.18,Male
563,992,222,7.35,Male
566,517,0,5.22,Male
569,244,13,6.04,Male
570,148,25,6.98,Male
572,881,21,7.08,Male
573,535,35,7.67,Male
576,320,34,7.12,Male
578,238,24,6.17,Male
579,168,32,6.35,Male
581,849,14,6.42,Male
582,204,91,6.14,Male
584,465,2,7.87,Female
586,190,1,9.97,Female
589,491,63,6.56,Male
592,78,5,7.58,Male
593,293,11,7.51,Male
594,317,10,6.98,Male
596,85,1,7.52,Female
598,116,5,7.97,Female
599,495,65,5.09,Male
600,723,51,6.23,Female
601,391,0,8.04,Male
602,374,8,7.52,Female
604,115,8,6.48,Male
606,174,11,7.99,Male
609,132,1,7.25,Male
610,309,22,7.74,Male
611,109,23,6.82,Male
612,988,66,5.5,Male
613,90,26,6.07,Male
614,88,13,7.4,Male
616,165,22,7.9,Male
618,286,0,7.43,Male
619,202,101,6.31,Male
620,77,4,8.7,Male
622,485,27,6.19,Male
624,242,0,8.65,Male
626,98,6,7.63,Male
628,482,11,7.81,Male
629,288,3,7.57,Male
630,778,0,7.29,Female
634,356,13,6.61,Male
635,767,0,7.6,Male
636,358,4,6.96,Male
638,63,31,6.68,Male
639,140,9,7.5,Male
640,524,7,7.44,Male
641,820,0,6.77,Male
642,199,51,6.5,Male
643,161,12,8.37,Male
644,997,45,7.33,Male
645,419,88,6.98,Male
646,400,3,6.97,Male
647,561,7,7.6,Male
648,362,106,7.72,Female
649,837,18,6.69,Male
650,161,1,6.14,Male
653,769,37,7.92,Male
654,712,0,7.7,Male
655,232,49,7.6,Male
659,816,39,6.66,Male
660,945,30,7.12,Male
661,122,3,7.98,Male
663,226,13,8.22,Female
664,414,87,7.04,Female
668,471,39,7.18,Male
669,94,4,7.75,Male
670,169,45,7.4,Male
671,568,47,6.82,Male
673,710,10,5.52,Male
674,70,0,8.53,Male
676,708,65,6.81,Male
680,162,9,8.02,Female
683,387,0,5.66,Male
685,325,16,6.31,Male
686,139,1,8.76,Male
692,756,31,7.07,Female
693,221,0,8.81,Male
695,451,25,7.24,Male
696,156,20,7.28,Male
697,299,46,7.9,Female
698,470,5,7.0,Female
699,100,4,6.31,Male
700,138,5,8.11,Male
702,398,80,7.85,Male
703,296,27,7.58,Non-Binary
704,472,0,6.75,Male
705,258,1,7.62,Male
706,94,19,7.97,Male
707,215,1,7.13,Male
709,305,0,8.58,Male
710,451,15,7.01,Female
711,101,13,5.1,Male
714,319,0,5.87,Male
716,499,40,6.88,Male
717,132,3,7.05,Male
718,654,41,6.92,Female
719,275,17,7.96,Male
720,566,0,8.4,Male
721,934,0,6.18,Male
722,296,18,6.3,Female
723,176,5,6.22,Male
724,142,0,6.49,Male
725,190,25,7.2,Female
726,304,22,7.44,Male
727,246,23,7.87,Male
728,743,13,8.03,Male
729,164,2,7.83,Male
730,581,17,7.24,Male
731,502,0,8.94,Male
732,567,0,6.73,Female
733,179,9,6.14,Male
735,114,2,8.51,Male
736,166,1,8.95,Male
738,141,42,7.52,Female
739,359,1,6.59,Female
740,521,32,7.21,Male
741,108,8,8.59,Female
743,572,0,7.9,Male
744,287,32,6.34,Male
746,231,41,5.68,Male
748,433,58,6.81,Non-Binary
750,458,0,6.25,Female
751,542,14,6.06,Male
752,834,1,6.81,Male
754,344,21,6.97,Male
755,793,38,5.99,Male
756,311,14,7.43,Male
757,98,1,7.38,Male
758,145,14,7.78,Female
759,102,5,6.82,Male
760,139,23,6.87,Male
761,197,65,7.03,Male
762,186,27,6.81,Male
763,182,2,8.91,Male
764,77,2,7.84,Male
765,629,33,8.53,Male
766,212,13,8.12,Male
767,43,1,7.05,Female
768,545,47,6.79,Male
769,822,0,7.31,Male
770,155,0,6.86,Male
771,497,29,6.04,Male
773,877,106,7.67,Male
774,375,3,8.63,Male
775,968,48,8.08,Female
776,164,23,6.97,Male
778,465,28,6.73,Male
779,346,20,6.66,Female
780,621,14,6.31,Male
781,83,0,8.13,Male
782,434,7,8.3,Male
784,134,0,7.57,Female
785,298,0,8.25,Male
786,148,11,7.14,Male
788,607,1,7.89,Female
789,277,42,5.82,Male
790,319,9,7.58,Male
792,521,25,8.01,Male
793,194,2,8.44,Male
795,340,0,7.9,Male
796,185,59,7.51,Male
797,498,0,6.76,Male
798,270,5,7.56,Male
801,475,18,7.85,Male
804,150,19,6.41,Male
805,162,31,7.34,Female
806,415,15,8.53,Female
809,302,30,6.94,Male
811,160,0,7.31,Female
813,72,11,7.18,Male
814,70,14,7.04,Male
815,300,9,7.06,Male
816,307,17,6.34,Male
817,91,0,7.72,Male
818,95,1,6.93,Male
820,234,0,8.04,Female
821,227,0,8.09,Male
823,674,53,7.54,Male
824,214,44,6.99,Male
828,273,0,7.97,Male
830,113,7,6.38,Male
831,306,8,7.96,Male
832,53,2,8.0,Male
834,177,0,7.79,Male
835,976,55,5.95,Male
837,148,18,7.07,Male
839,127,6,8.15,Male
840,507,24,7.24,Male
841,175,8,7.37,Male
842,218,17,7.28,Male
843,87,19,7.41,Female
844,717,0,6.66,Female
845,325,170,5.77,Male
847,226,204,7.12,Female
848,161,7,6.46,Male
849,776,80,5.12,Male
850,83,0,7.01,Male
851,5,0,8.57,Female
855,789,52,7.41,Female
856,500,0,8.0,Male
858,343,26,5.82,Male
861,407,0,8.47,Male
862,419,47,5.6,Male
863,211,0,6.9,Male
864,99,12,6.45,Male
867,576,141,6.52,Male
868,286,0,6.65,Male
870,163,4,7.34,Male
871,149,31,7.24,Male
872,604,29,7.58,Male
873,135,16,5.66,Male
874,93,4,8.19,Female
875,376,0,7.99,Male
876,146,62,6.65,Female
877,325,14,9.67,Male
878,591,14,7.91,Male
879,74,26,6.94,Male
880,382,18,6.03,Male
881,356,54,6.03,Male
883,73,0,7.92,Male
884,219,5,6.78,Male
885,74,1,7.88,Female
886,549,8,6.64,Male
887,119,5,8.16,Male
888,212,16,7.97,Male
890,89,23,6.84,Male
891,379,10,8.63,Female
892,409,12,6.72,Male
893,86,3,8.73,Male
894,497,0,7.87,Female
897,352,61,7.18,Male
898,208,0,7.76,Male
899,430,35,7.77,Male
902,733,43,6.93,Male
904,194,20,7.01,Female
905,130,5,8.15,Male
907,717,0,6.35,Male
908,203,21,7.41,Male
909,252,80,7.2,Male
910,103,5,8.04,Male
911,249,8,6.72,Male
912,327,9,7.4,Female
914,871,26,7.08,Male
915,511,171,6.26,Male
916,964,9,7.15,Male
917,536,3,9.23,Female
918,472,27,5.49,Male
920,355,116,6.86,Male
921,71,0,8.66,Male
922,96,3,6.63,Male
924,104,0,7.13,Female
925,266,6,7.63,Male
926,292,9,8.16,Male
929,616,41,6.41,Male
930,475,8,6.28,Male
931,179,8,6.53,Female
932,317,0,8.82,Male
934,217,4,7.86,Male
936,350,5,8.34,Male
938,131,16,7.04,Male
942,412,1,7.11,Male
943,185,45,7.12,Male
945,265,39,7.28,Male
946,120,0,8.73,Female
948,200,2,7.63,Male
949,558,200,5.95,Male
950,176,0,6.71,Male
951,433,58,7.08,Male
952,607,85,8.04,Male
953,149,13,8.06,Male
954,257,8,7.39,Male
955,504,10,6.78,Male
956,306,46,7.89,Male
957,310,19,7.99,Male
958,778,37,7.07,Female
961,336,8,8.41,Female
964,205,28,6.11,Female
966,620,46,8.32,Female
967,142,2,8.13,Male
968,242,2,7.1,Male
969,120,9,7.25,Female
971,113,9,5.97,Male
972,708,21,7.46,Female
973,556,92,6.09,Male
974,253,13,6.08,Male
976,220,77,5.34,Male
977,922,0,7.23,Male
978,250,10,5.38,Male
981,253,0,6.89,Male
982,769,16,6.0,Male
983,181,36,6.63,Male
984,456,66,6.58,Male
985,171,0,7.5,Male
989,239,9,7.63,Male
990,456,3,6.94,Male
991,603,5,7.36,Male
992,580,0,6.08,Male
993,349,5,6.4,Male
997,157,1,7.84,Male
998,489,35,7.43,Non-Binary
999,92,0,6.58,Male
1000,429,1,6.79,Male
1003,59,8,8.24,Male
1004,231,9,7.13,Male
1005,318,0,7.17,Male
1006,480,1,6.98,Male
1009,300,17,7.74,Female
1010,17,0,8.29,Male
1011,433,1,7.76,Male
1012,42,32,8.77,Male
1013,565,7,7.55,Male
1014,147,50,6.42,Male
1015,459,34,7.79,Female
1018,472,14,6.13,Female
1020,115,29,6.73,Male
1024,118,6,7.27,Male
1026,189,17,6.54,Male
1027,402,0,7.71,Male
1028,357,0,7.73,Male
1030,354,22,7.93,Male
1031,341,5,6.12,Female
1033,89,7,7.71,Male
1035,721,33,6.58,Male
1036,645,65,7.04,Male
1037,210,6,9.5,Male
1038,90,20,6.74,Male
1039,325,80,6.68,Male
1040,640,10,7.8,Male
1045,207,43,7.66,Male
1046,265,0,7.33,Female
1047,432,0,6.99,Male
1048,269,20,6.39,Non-Binary
1049,67,0,8.86,Male
1050,660,43,7.42,Male
1053,694,1,6.86,Male
1054,675,31,8.48,Female
1055,214,3,8.5,Male
1057,400,3,5.8,Male
1058,106,9,7.25,Male
1059,83,4,6.44,Female
1060,273,6,7.89,Male
1061,437,0,6.75,Male
1062,337,20,5.9,Male
1063,260,28,8.16,Female
1064,135,21,7.4,Female
1065,61,3,7.56,Female
1067,193,4,7.59,Male
1068,76,4,7.2,Male
1070,136,9,7.24,Male
1071,675,230,7.57,Female
1072,230,29,6.15,Male
1074,70,3,8.08,Male
1076,54,4,8.19,Female
1078,245,22,7.91,Male
1079,455,34,5.55,Male
1080,605,15,7.92,Male
1081,68,1,7.0,Male
1082,58,6,6.94,Male
1083,816,20,6.55,Male
1085,122,0,6.46,Female
1086,308,32,8.03,Female
1087,221,28,5.94,Male
1088,602,31,8.79,Female
1090,115,14,7.73,Female
1092,686,48,7.08,Male
1093,115,0,6.28,Male
1094,274,0,8.07,Male
1096,174,2,7.93,Male
1098,167,24,5.51,Male
1100,178,17,5.75,Female
1101,411,63,7.9,Male
1102,228,1,7.95,Male
1103,277,0,6.62,Male
1105,190,22,6.98,Male
1106,387,0,7.63,Male
1107,663,0,7.11,Male
1108,472,0,8.0,Male
1109,268,24,6.72,Male
1111,76,7,7.81,Female
1116,253,35,6.94,Male
1117,348,1,7.9,Male
1118,99,11,8.38,Male
1119,213,15,5.82,Female
1120,267,12,7.38,Male
1121,120,1,7.27,Male
1122,329,0,7.3,Male
1123,575,0,7.37,Male
1124,226,0,7.46,Male
1125,390,0,7.55,Male
1127,277,0,6.89,Male
1129,139,28,5.1,Male
1131,686,7,6.53,Male
1132,99,1,7.14,Male
1134,500,46,8.09,Male
1136,148,16,7.04,Male
1137,157,21,7.75,Male
1139,624,0,7.48,Male
1140,106,0,7.38,Male
1142,229,23,7.32,Male
1143,398,0,6.1,Male
1144,527,0,8.22,Male
1145,58,0,8.47,Male
1146,732,146,5.28,Male
1147,178,12,7.36,Female
1150,212,39,7.09,Male
1151,337,58,7.02,Male
1152,509,5,8.07,Male
1153,185,0,8.56,Male
1154,408,10,7.45,Female
1155,378,26,6.55,Male
1157,48,8,9.06,Male
1160,617,1,7.67,Male
1161,210,24,8.66,Male
1162,215,52,6.71,Female
1164,182,0,7.07,Male
1166,599,3,8.68,Male
1167,284,10,8.46,Male
1169,260,54,6.75,Female
1170,406,10,6.07,Female
1171,271,21,6.39,Male
1172,499,15,7.35,Male
1173,656,17,7.22,Male
1174,504,0,8.68,Male
1175,180,4,7.05,Male
1177,376,143,5.21,Male
1178,321,6,7.96,Male
1179,762,23,7.13,Male
1180,573,36,7.51,Male
1181,419,121,7.58,Female
1182,452,4,6.52,Male
1183,221,28,7.87,Male
1184,349,17,6.53,Male
1185,138,25,7.68,Male
1187,350,39,7.13,Male
1188,253,17,6.72,Male
1189,690,5,6.02,Male
1191,88,17,6.15,Male
1192,162,17,5.39,Male
1193,544,147,5.32,Male
1195,759,69,5.21,Male
1196,53,5,7.41,Male
1197,667,29,6.19,Male
1198,28,0,8.07,Male
1199,719,16,7.55,Female
1200,675,3,8.83,Male
1202,385,19,7.22,Male
1203,152,8,8.38,Male
1206,551,15,7.08,Male
1207,58,0,8.32,Non-Binary
1208,457,31,7.61,Female
1211,150,0,7.72,Male
1212,429,0,5.95,Male
1213,987,0,6.42,Male
1214,131,25,6.83,Male
1216,315,20,6.84,Male
1217,79,4,7.27,Male
1219,385,4,7.25,Male
1220,424,69,7.83,Male
1221,257,20,6.05,Male
1223,364,37,6.88,Male
1224,478,10,7.36,Male
1225,426,28,8.5,Female
1226,266,9,8.0,Male
1231,156,14,7.75,Male
1233,448,197,7.19,Male
1234,920,34,6.8,Female
1236,59,1,7.51,Male
1237,708,103,6.87,Male
1238,357,60,7.22,Female
1240,150,6,6.86,Male
1242,286,8,7.65,Male
1244,779,18,7.88,Male
1245,289,37,5.71,Male
1246,463,9,7.25,Male
1249,191,0,5.62,Male
1250,542,49,5.82,Male
1252,538,0,8.53,Male
1253,646,19,7.39,Male
1254,94,1,8.07,Male
1255,444,21,8.52,Male
1256,329,0,9.47,Male
1257,208,32,7.33,Male
1259,79,0,7.97,Male
1260,167,6,5.76,Male
1261,96,12,5.94,Male
1264,488,2,7.79,Female
1265,217,9,8.8,Male
1267,130,8,8.01,Male
1268,651,4,7.25,Male
1269,247,46,6.67,Male
1271,508,3,6.8,Female
1272,86,4,7.7,Male
1273,185,6,6.79,Male
1280,306,9,8.15,Male
1284,702,82,5.41,Female
1285,643,8,5.86,Male
1286,238,3,6.84,Female
1287,57,2,7.54,Female
1288,295,13,7.2,Male
1289,137,3,6.81,Female
1290,180,24,6.72,Female
1291,254,12,7.68,Male
1294,382,29,7.45,Male
1296,388,13,8.01,Female
1297,700,19,6.86,Male
1298,338,28,5.44,Male
1299,251,0,6.8,Female
1300,599,3,7.3,Female
1302,593,4,7.57,Male
1303,72,0,9.63,Male
1305,141,28,6.0,Male
1306,619,31,7.8,Male
1307,587,11,7.01,Female
1309,104,12,7.76,Male
1310,92,10,7.33,Female
1315,325,0,8.43,Male
1317,456,126,6.19,Male
1318,238,0,9.95,Female
1320,278,4,7.33,Male
1322,163,22,7.6,Male
1323,502,52,7.08,Female
1325,206,18,5.61,Female
1326,178,18,7.53,Male
1327,140,6,7.32,Male
1330,227,4,7.28,Male
1332,440,4,6.32,Male
1333,925,4,7.38,Male
1334,433,1,6.35,Male
1335,354,8,7.08,Male
1336,207,2,7.71,Male
1338,194,1,8.9,Male
1339,228,21,7.38,Female
1340,716,40,7.43,Male
1341,290,0,7.19,Male
1343,317,2,7.63,Male
1344,227,13,6.66,Male
1346,85,1,8.17,Male
1348,163,7,7.98,Male
1350,348,0,7.8,Male
1351,135,16,6.25,Male
1352,170,3,6.84,Male
1353,58,4,7.43,Male
1355,109,3,8.07,Male
1356,212,98,5.11,Male
1357,300,14,7.32,Male
1358,227,0,7.35,Female
1360,382,35,8.43,Male
1362,230,99,6.5,Male
1363,274,5,7.92,Male
1364,895,31,8.46,Male
1365,421,22,6.26,Male
1366,261,25,7.78,Male
1370,369,38,7.37,Male
1371,241,0,8.12,Female
1372,498,0,8.25,Male
1373,536,0,6.45,Male
1374,158,7,7.92,Male
1376,504,70,7.29,Male
1377,273,7,9.37,Male
1378,39,5,7.84,Male
1380,418,15,5.46,Non-Binary
1381,637,10,7.5,Female
1383,653,35,5.55,Male
1384,358,8,7.54,Female
1386,465,3,6.4,Male
1388,50,4,7.89,Male
1389,244,2,7.83,Male
1390,123,0,6.1,Male
1391,570,0,8.02,Female
1393,595,6,7.48,Male
1394,248,0,7.0,Female
1396,680,9,6.88,Non-Binary
1399,576,15,5.25,Male
1400,341,12,7.07,Female
1401,798,69,8.06,Male
1402,149,3,7.79,Male
1403,320,15,7.95,Male
1404,59,0,7.8,Male
1408,214,6,8.07,Female
1409,307,0,8.66,Female
1410,223,0,5.66,Male
1415,189,0,7.07,Female
1416,61,8,7.34,Male
1418,141,0,6.26,Male
1420,85,1,5.58,Male
1421,436,26,6.93,Male
1423,215,55,7.89,Female
1424,258,23,8.33,Male
1426,251,48,5.7,Male
1427,273,56,7.26,Male
1428,193,2,6.71,Male
1432,117,0,6.28,Female
1433,486,4,7.57,Male
1436,96,7,6.89,Male
1440,517,0,7.39,Male
1441,599,0,6.13,Male
1443,161,21,7.77,Male
1445,263,0,7.96,Male
1447,822,0,6.6,Male
1448,112,0,8.2,Male
1449,301,35,6.72,Male
1450,213,8,6.29,Male
1453,253,91,5.96,Male
1454,203,4,7.45,Male
1455,186,6,6.57,Male
1456,55,0,9.17,Male
1459,276,0,6.65,Female
1460,964,0,7.19,Female
1462,147,1,7.05,Male
1463,258,12,7.93,Male
1466,221,23,6.62,Male
1469,436,49,6.31,Male
1470,328,0,5.25,Male
1471,278,1,7.86,Male
1473,223,2,9.33,Male
1475,114,15,8.12,Non-Binary
1476,330,42,7.98,Male
1477,408,1,8.33,Male
1478,380,7,7.54,Female
1479,117,7,7.54,Male
1481,340,0,6.07,Male
1482,160,14,7.95,Male
1483,380,41,6.8,Male
1485,76,4,8.13,Male
1487,170,6,8.16,Female
1488,165,9,7.77,Male
1489,219,1,8.4,Male
1490,74,1,8.25,Male
1491,273,69,7.13,Male
1492,474,32,7.74,Female
1493,114,0,8.02,Female
1494,129,0,5.55,Female
1498,667,27,6.57,Male
1500,347,37,7.46,Male
1501,212,8,6.74,Male
1502,183,12,6.76,Male
1503,106,7,7.25,Male
1504,204,1,5.83,Male
1507,262,34,7.14,Male
1508,95,7,6.89,Male
1509,141,5,6.67,Male
1510,552,6,7.17,Male
1511,254,11,6.98,Male
1512,209,3,7.71,Female
1516,196,52,5.49,Male
1517,173,10,7.8,Female
1518,117,15,7.18,Male
1519,57,3,7.18,Male
1520,387,1,8.18,Male
1521,581,0,6.78,Male
1522,123,8,7.56,Male
1523,353,39,5.98,Male
1525,54,17,8.67,Male
1527,139,2,7.84,Male
1528,821,85,6.02,Male
1529,123,0,7.13,Female
1530,569,0,6.64,Male
1534,731,0,7.31,Male
1535,248,32,7.81,Female
1536,480,15,5.9,Male
1537,189,24,7.4,Male
1539,537,4,8.34,Male
1540,127,8,7.3,Male
1541,224,44,7.51,Female
1542,214,0,9.12,Male
1543,253,28,7.9,Female
1544,156,21,6.64,Male
1546,125,1,8.09,Male
1548,170,19,6.23,Male
1550,127,12,7.57,Female
1551,855,131,7.04,Male
1552,494,3,8.0,Male
1554,225,30,6.06,Male
1555,209,6,8.01,Non-Binary
1556,166,0,9.97,Male
1557,489,14,6.35,Male
1558,146,14,7.52,Male
1559,193,1,7.63,Male
1560,189,47,7.58,Female
1561,68,4,7.42,Male
1562,506,0,6.33,Male
1563,283,12,7.53,Female
1564,519,1,7.46,Male
1565,272,2,9.06,Non-Binary
1568,44,1,8.57,Female
1570,266,12,8.24,Female
1571,205,3,7.7,Female
1572,153,3,7.42,Male
1573,403,0,8.59,Male
1574,713,7,6.97,Female
1575,419,34,7.12,Male
1576,873,20,7.43,Male
1577,226,10,7.79,Female
1578,430,12,8.79,Female
1580,207,0,7.98,Male
1581,106,9,7.88,Male
1583,73,0,7.85,Male
1585,355,0,8.2,Male
1586,420,37,7.1,Male
1588,366,0,8.09,Male
1589,133,11,7.37,Male
1590,220,3,6.85,Male
1592,122,2,7.49,Male
1594,558,0,7.07,Male
1595,533,16,6.65,Female
1596,414,12,7.39,Male
1597,408,8,7.84,Male
1599,135,6,8.05,Male
1601,410,18,7.28,Male
1604,166,0,6.78,Male
1606,257,15,6.52,Male
1608,133,18,6.73,Male
1609,19,0,5.41,Male
1610,182,6,7.21,Female
1611,258,10,6.67,Male
1612,69,0,5.12,Male
1614,370,5,7.84,Male
1616,201,8,7.01,Male
1617,153,0,8.21,Male
1618,173,4,6.93,Male
1619,165,3,8.16,Female
1620,293,8,7.09,Female
1623,837,4,6.76,Male
1624,303,33,6.99,Female
1625,376,64,7.02,Male
1626,262,0,7.69,Male
1627,208,23,7.41,Female
1628,343,75,5.75,Male
1629,139,1,7.44,Female
1631,43,0,7.55,Male
1633,652,1,6.64,Male
1634,312,30,7.36,Male
1635,183,44,5.8,Male
1636,157,15,7.76,Female
1637,89,9,5.79,Male
1638,144,5,7.89,Male
1639,235,49,9.0,Male
1641,588,14,7.73,Male
1642,298,39,7.54,Male
1644,210,10,5.62,Male
1645,84,10,7.11,Male
1646,659,18,7.89,Male
1647,392,42,7.26,Male
1648,349,0,7.34,Male
1649,209,4,7.3,Female
1650,284,0,7.14,Female
1651,655,18,8.06,Male
1652,284,0,6.72,Female
1653,198,0,6.63,Female
1655,102,0,7.99,Male
1656,217,6,7.35,Female
1657,723,26,6.49,Male
1659,359,0,7.82,Male
1661,278,8,7.86,Male
1663,402,1,7.11,Female
1664,242,21,8.08,Male
1665,423,0,7.65,Male
1666,271,13,7.39,Male
1668,406,6,7.93,Non-Binary
1669,170,2,7.32,Female
1671,784,14,7.37,Male
1672,378,12,7.24,Male
1673,195,17,8.71,Male
1674,236,3,6.16,Male
1676,235,50,7.21,Female
1678,391,7,6.73,Female
1679,524,21,7.56,Female
1680,756,41,7.41,Male
1681,531,213,5.7,Male
1683,253,4,5.03,Male
1685,506,0,7.01,Male
1686,541,41,6.47,Female
1687,70,10,8.29,Female
1688,540,0,6.71,Male
1690,477,153,7.36,Male
1691,69,1,6.75,Male
1692,162,1,8.41,Non-Binary
1693,154,7,7.96,Male
1695,131,20,7.57,Female
1696,810,32,8.81,Male
1700,544,1,6.53,Male
1701,379,6,8.08,Male
1702,341,22,7.06,Male
1703,372,32,7.52,Male
1704,206,0,8.24,Male
1705,400,33,6.65,Female
1708,131,0,8.13,Male
1709,219,0,8.68,Male
1710,50,0,9.87,Female
1712,328,3,5.64,Male
1714,192,1,7.78,Female
1716,424,5,7.79,Female
1717,142,9,7.97,Female
1718,93,0,7.41,Male
1722,260,5,7.23,Male
1723,117,0,7.22,Female
1724,58,2,8.05,Female
1725,402,0,7.91,Male
1727,101,3,6.74,Male
1728,323,48,7.67,Female
1729,60,2,7.31,Female
1730,473,58,7.89,Female
1732,33,2,8.17,Male
1733,638,44,8.34,Female
1736,137,0,7.25,Female
1738,141,1,8.37,Female
1742,202,45,6.59,Male
1743,926,0,7.65,Male
1744,150,67,7.55,Male
1746,84,20,5.9,Male
1750,519,34,5.41,Male
1751,344,10,7.98,Female
1752,228,31,6.45,Male
1753,356,16,8.07,Female
1755,54,4,6.61,Male
1756,498,2,7.69,Male
1757,175,3,7.72,Male
1758,198,14,6.43,Male
1760,137,7,7.96,Male
1761,100,3,7.97,Male
1763,383,35,8.74,Female
1764,296,2,8.7,Male
1765,82,1,7.85,Male
1766,851,3,9.0,Female
1767,136,16,8.4,Female
1770,203,2,9.03,Male
1772,395,27,6.89,Male
1773,546,7,8.56,Male
1774,141,0,7.52,Female
1779,152,6,7.68,Female
1781,168,11,7.53,Male
1782,106,4,9.33,Male
1784,135,6,7.77,Male
1785,256,0,8.07,Male
1786,138,4,6.93,Male
1787,234,13,7.56,Male
1788,43,6,8.16,Male
1789,229,4,6.09,Female
1790,912,104,8.32,Male
1791,27,0,8.56,Female
1792,505,2,6.03,Male
1795,416,30,8.1,Male
1796,427,21,8.54,Male
1798,308,16,6.99,Female
1799,823,66,7.0,Male
1801,377,55,7.57,Male
1803,349,0,9.82,Female
1804,128,27,7.47,Male
1805,580,9,7.23,Male
1806,433,38,6.18,Male
1808,133,42,5.91,Male
1810,271,0,6.72,Female
1811,385,0,7.1,Female
1812,872,9,6.32,Female
1813,413,7,7.98,Male
1817,18,9,7.5,Male
1819,253,26,6.83,Male
1820,313,0,8.5,Male
1821,456,14,8.39,Female
1823,596,8,7.14,Female
1824,184,9,7.88,Male
1825,194,35,7.03,Male
1826,161,7,8.1,Male
1831,244,12,8.21,Male
1832,199,107,5.63,Male
1833,735,12,8.23,Male
1835,349,4,8.39,Male
1836,667,132,7.0,Male
1838,192,7,6.07,Male
1839,68,5,8.56,Female
1840,970,33,7.29,Male
1841,176,15,8.58,Male
1843,389,0,7.31,Female
1845,242,6,7.21,Female
1846,242,23,8.51,Female
1848,150,0,8.28,Female
1851,338,24,7.1,Male
1854,286,0,8.85,Female
1856,258,44,7.46,Female
1857,777,0,9.59,Male
1860,120,3,7.8,Female
1862,810,131,6.74,Male
1863,211,13,6.67,Male
1864,221,1,9.5,Female
1868,96,18,7.4,Male
1871,502,0,5.94,Female
1872,178,1,7.78,Female
1873,472,52,6.87,Female
1874,34,2,6.78,Female
1877,182,8,7.72,Female
1878,221,3,7.2,Male
1881,82,9,7.76,Male
1882,259,8,7.37,Male
1883,63,14,7.21,Male
1884,465,9,6.64,Female
1885,912,0,6.89,Male
1886,330,7,7.78,Male
1887,415,12,7.44,Female
1888,548,9,6.33,Female
1890,157,26,6.59,Male
1891,245,7,8.42,Male
1893,215,16,8.45,Male
1894,330,31,6.78,Male
1896,376,1,9.08,Male
1897,229,0,8.75,Male
1900,112,14,8.32,Male
1902,902,47,6.84,Female
1904,130,13,7.25,Male
1907,420,32,6.95,Male
1908,760,129,7.92,Male
1910,306,12,7.5,Male
1911,153,21,6.51,Female
1912,40,9,7.9,Female
1913,250,0,7.92,Female
1914,356,5,8.17,Female
1915,168,17,8.87,Female
1916,34,5,8.36,Non-Binary
1917,168,9,7.35,Male
1918,782,120,7.0,Male
1921,723,7,6.55,Male
1922,618,44,6.99,Male
1923,232,2,7.85,Female
1924,439,24,7.0,Male
1925,499,18,8.01,Male
1928,95,0,8.67,Male
1931,420,15,7.88,Male
1932,301,22,7.71,Male
1933,195,93,6.24,Male
1934,473,1,8.03,Male
1935,479,18,6.72,Female
1937,132,4,7.63,Male
1938,149,0,6.3,Non-Binary
1939,165,1,7.29,Male
1940,469,68,7.16,Male
1941,66,5,8.05,Female
1943,254,15,7.73,Female
1944,147,2,7.25,Male
1945,278,17,7.95,Female
1949,345,4,7.9,Female
1950,630,4,7.47,Female
1953,437,2,8.8,Male
1955,135,0,8.48,Female
1956,118,5,8.52,Female
1957,118,0,7.86,Non-Binary
1958,724,36,6.53,Female
1959,52,3,7.11,Male
1960,110,53,8.06,Male
1963,179,15,8.0,Male
1965,134,5,6.96,Male
1966,253,2,7.89,Male
1967,375,36,6.65,Male
1968,53,0,7.75,Female
1969,510,68,7.57,Female
1970,187,10,7.06,Male
1971,125,2,6.85,Female
1972,135,17,6.1,Male
1974,574,5,7.66,Female
1975,123,16,8.08,Female
1976,139,4,7.59,Male
1977,105,34,7.06,Female
1982,171,38,7.8,Female
1983,357,27,7.46,Male
1984,163,9,7.09,Female
1985,184,47,7.42,Male
1986,228,9,7.58,Female
1988,172,5,7.07,Male
1989,100,11,9.43,Male
1991,82,0,8.33,Female
1993,200,23,6.49,Male
1994,433,36,6.5,Female
1995,477,70,6.02,Male
1996,699,125,5.76,Female
1997,453,4,8.0,Female
1998,311,5,7.58,Male
1999,55,4,7.83,Male
2001,3,0,9.0,Male
2002,265,0,8.3,Male
2003,88,5,7.17,Female
2006,81,2,8.12,Female
2007,193,16,7.48,Male
2009,779,39,6.45,Male
2012,22,1,7.83,Male
2013,597,10,7.62,Male
2015,221,0,8.61,Female
2016,175,14,7.84,Male
2018,283,57,6.48,Female
2020,526,8,6.96,Female
2021,122,13,7.53,Female
2022,294,70,7.37,Male
2023,332,24,7.68,Female
2024,140,21,6.56,Non-Binary
2026,260,52,5.5,Male
2028,539,3,6.79,Male
2029,405,161,6.34,Male
2030,415,29,7.27,Female
2031,393,5,6.04,Female
2032,181,15,7.76,Female
2033,225,0,7.69,Male
2034,183,0,7.22,Male
2035,336,45,6.82,Male
2036,216,1,6.8,Female
2037,196,8,7.16,Male
2038,162,26,5.84,Male
2039,143,4,8.24,Female
2040,116,12,6.42,Male
2041,251,18,8.24,Female
2042,259,7,7.29,Female
2043,255,2,7.7,Male
2046,226,0,7.74,Female
2048,365,53,7.13,Male
2052,193,3,5.17,Male
2053,512,13,6.4,Male
2054,528,3,7.36,Female
2056,242,1,7.41,Female
2059,313,17,6.71,Male
2060,42,0,8.63,Female
2061,328,18,7.25,Male
2062,986,10,5.85,Female
2063,451,0,6.63,Male
2064,280,11,7.08,Female
2065,195,5,8.13,Male
2066,107,7,7.92,Female
2068,392,33,7.04,Female
2071,420,0,5.82,Male
2073,901,5,7.93,Male
2074,139,4,7.25,Male
2075,233,19,7.87,Male
2076,125,14,5.57,Male
2077,325,10,6.96,Male
2078,359,13,6.73,Male
2080,104,2,6.87,Male
2081,345,19,5.34,Male
2082,594,45,6.3,Male
2083,669,0,7.38,Female
2086,139,5,7.97,Female
2087,80,1,8.19,Female
2089,240,0,5.38,Male
2090,90,4,8.05,Male
2092,114,0,6.32,Male
2094,196,11,7.49,Male
2095,259,6,7.59,Female
2096,984,10,7.02,Male
2097,123,18,7.14,Female
2098,228,2,9.4,Male
2099,140,4,7.35,Female
2101,540,8,6.87,Male
2102,902,32,8.09,Male
2103,227,0,6.65,Female
2104,580,11,7.3,Female
2108,461,34,7.52,Female
2111,131,5,7.24,Female
2112,635,76,7.64,Male
2114,443,1,7.05,Female
2116,62,4,7.52,Female
2118,119,5,7.84,Male
2119,260,27,6.4,Male
2120,613,236,8.5,Male
2121,209,0,7.15,Male
2123,96,0,7.06,Male
2124,452,2,7.42,Female
2125,78,1,8.98,Male
2126,243,1,8.68,Female
2127,804,30,6.83,Male
2128,687,80,7.86,Male
2129,247,17,7.98,Male
2130,187,12,7.83,Female
2132,222,41,6.54,Male
2133,73,8,8.13,Male
2134,80,2,7.63,Female
2135,280,2,7.34,Male
2137,41,0,8.51,Male
2138,91,1,7.0,Male
2139,508,77,7.45,Male
2140,351,10,5.66,Male
2141,347,29,8.01,Female
2142,522,3,6.49,Male
2143,538,16,8.68,Female
2144,273,1,7.42,Male
2145,408,38,8.11,Male
2146,386,29,6.76,Female
2147,279,0,8.38,Female
2148,56,23,7.18,Female
2149,968,22,6.58,Male
2150,116,4,7.98,Male
2153,344,0,9.42,Female
2154,377,49,7.27,Male
2157,175,0,6.68,Female
2158,298,76,6.91,Female
2161,254,15,5.96,Male
2163,95,12,8.18,Female
2164,109,1,7.94,Male
2165,210,1,7.66,Female
2166,16,3,9.03,Female
2167,173,10,7.96,Non-Binary
2168,804,0,6.45,Male
2169,197,18,6.92,Male
2172,53,6,6.79,Male
2174,201,19,6.57,Female
2175,159,27,9.67,Female
2176,326,0,8.45,Male
2177,211,0,6.9,Male
2178,58,6,7.0,Male
2179,243,43,8.75,Male
2180,263,11,7.24,Female
2182,241,16,8.13,Female
2183,346,15,7.13,Female
2184,545,3,7.69,Male
2185,70,0,9.11,Female
2186,90,26,6.96,Male
2187,516,52,6.99,Male
2188,259,0,6.8,Male
2190,517,0,7.55,Male
2191,94,8,8.19,Male
2193,253,0,7.24,Female
